Ticker,Status,First,Last,Rows
360ONE.NS,active,2019-09-19,2026-05-26,1653
3MINDIA.NS,active,2015-06-01,2026-05-26,2712
AADHARHFC.NS,active,2024-05-15,2026-05-26,504
AARTIDRUGS.NS,active,2015-06-01,2026-05-26,2714
AARTIIND.NS,active,2015-06-01,2026-05-26,2714
AAVAS.NS,active,2018-10-08,2026-05-26,1885
ABAN.NS,active,2015-06-01,2026-05-26,2714
ABB.NS,active,2015-06-01,2026-05-26,2714
ABBOTINDIA.NS,active,2015-06-01,2026-05-26,2714
ABCAPITAL.NS,active,2017-09-01,2026-05-26,2157
ABDL.NS,active,2024-07-02,2026-05-26,471
ABFRL.NS,active,2015-06-01,2026-05-26,2714
ABGSHIP.NS,insufficient,,,0
ABLBL.NS,active,2025-06-24,2026-05-26,229
ABREL.NS,active,2015-06-01,2026-05-26,2714
ABSLAMC.NS,active,2021-10-11,2026-05-26,1143
ACC.NS,active,2015-06-01,2026-05-26,2714
ACE.NS,active,2015-06-01,2026-05-26,2714
ACI.NS,active,2022-11-21,2026-05-26,867
ACMESOLAR.NS,active,2024-11-13,2026-05-26,379
ACUTAAS.NS,active,2021-09-14,2026-05-26,1162
ADANIENSOL.NS,active,2015-07-31,2026-05-26,2670
ADANIENT.NS,active,2015-06-01,2026-05-26,2714
ADANIGREEN.NS,active,2018-06-18,2026-05-26,1960
ADANIPORTS.NS,active,2015-06-01,2026-05-26,2714
ADANIPOWER.NS,active,2015-06-01,2026-05-26,2714
ADANITRANS.NS,insufficient,,,0
ADLABS.NS,insufficient,,,0
ADVANTA.NS,insufficient,,,0
ADVENZYMES.NS,active,2016-08-01,2026-05-26,2425
AEGISCHEM.NS,insufficient,,,0
AEGISLOG.NS,active,2015-06-01,2026-05-26,2712
AEGISVOPAK.NS,active,2025-06-02,2026-05-26,245
AETHER.NS,active,2022-06-03,2026-05-26,983
AFCONS.NS,active,2024-11-04,2026-05-26,386
AFFLE.NS,active,2019-08-08,2026-05-26,1680
AIAENG.NS,active,2015-06-01,2026-05-26,2712
AIIL.NS,active,2024-04-23,2026-05-26,519
AIL.NS,active,2021-07-08,2026-05-26,1203
AJANTPHARM.NS,active,2015-06-01,2026-05-26,2713
AKZOINDIA.NS,insufficient,,,0
ALBK.NS,insufficient,,,0
ALEMBICLTD.NS,active,2015-06-01,2026-05-26,2714
ALIVUS.NS,active,2021-08-06,2026-05-26,1186
ALKEM.NS,active,2015-12-23,2026-05-26,2573
ALKYLAMINE.NS,active,2015-06-01,2026-05-26,2714
ALLCARGO.NS,active,2015-06-01,2026-05-26,2714
ALOKINDS.NS,active,2015-06-01,2026-05-26,2714
ALOKTEXT.NS,insufficient,,,0
ALSTOMT&D.NS,insufficient,,,0
AMARAJABAT.NS,insufficient,,,0
AMBER.NS,active,2018-01-30,2026-05-26,2054
AMBUJACEM.NS,active,2015-06-01,2026-05-26,2714
AMTEKAUTO.NS,insufficient,,,0
ANANDRATHI.NS,active,2021-12-14,2026-05-26,1100
ANANTRAJ.NS,active,2015-06-01,2026-05-26,2714
ANDHRABANK.NS,insufficient,,,0
ANGELBRKG.NS,insufficient,,,0
ANGELONE.NS,active,2020-10-05,2026-05-26,1396
ANTHEM.NS,active,2025-07-21,2026-05-26,210
ANURAS.NS,active,2021-03-24,2026-05-26,1277
APARINDS.NS,active,2015-06-01,2026-05-26,2714
APLAPOLLO.NS,active,2015-06-01,2026-05-26,2714
APLLTD.NS,active,2015-06-01,2026-05-26,2714
APOLLOHOSP.NS,active,2015-06-01,2026-05-26,2714
APOLLOTYRE.NS,active,2015-06-01,2026-05-26,2714
APTUS.NS,active,2021-08-24,2026-05-26,1176
ARE&M.NS,active,2015-06-01,2026-05-26,2714
ARVIND.NS,active,2015-06-01,2026-05-26,2714
ASAHIINDIA.NS,active,2015-06-01,2026-05-26,2714
ASHOKA.NS,active,2015-06-01,2026-05-26,2714
ASHOKLEY.NS,active,2015-06-01,2026-05-26,2714
ASIANPAINT.NS,active,2015-06-01,2026-05-26,2714
ASTERDM.NS,active,2018-02-26,2026-05-26,2036
ASTRAL.NS,active,2015-06-01,2026-05-26,2714
ASTRAZEN.NS,active,2015-06-01,2026-05-26,2713
ATFL.NS,insufficient,,,0
ATGL.NS,active,2018-11-05,2026-05-26,1866
ATHERENERG.NS,active,2025-05-06,2026-05-26,264
ATUL.NS,active,2015-06-01,2026-05-26,2714
AUBANK.NS,active,2017-07-11,2026-05-26,2193
AUROPHARMA.NS,active,2015-06-01,2026-05-26,2713
AUTOAXLES.NS,active,2015-06-01,2026-05-26,2713
AVANTIFEED.NS,active,2015-06-01,2026-05-26,2713
AWL.NS,active,2022-02-08,2026-05-26,1061
AXISBANK.NS,active,2015-06-01,2026-05-26,2714
BAJAJ-AUTO.NS,active,2015-06-01,2026-05-26,2714
BAJAJCON.NS,active,2015-06-01,2026-05-26,2714
BAJAJCORP.NS,insufficient,,,0
BAJAJELEC.NS,active,2015-06-01,2026-05-26,2714
BAJAJFINSV.NS,active,2015-06-01,2026-05-26,2714
BAJAJHFL.NS,active,2024-09-16,2026-05-26,420
BAJAJHIND.NS,active,2015-06-01,2026-05-26,2714
BAJAJHLDNG.NS,active,2015-06-01,2026-05-26,2714
BAJFINANCE.NS,active,2015-06-01,2026-05-26,2714
BALAMINES.NS,active,2015-06-01,2026-05-26,2714
BALKRISIND.NS,active,2015-06-01,2026-05-26,2713
BALLARPUR.NS,insufficient,,,0
BALMLAWRIE.NS,active,2015-06-01,2026-05-26,2714
BALRAMCHIN.NS,active,2015-06-01,2026-05-26,2714
BANDHANBNK.NS,active,2018-03-27,2026-05-26,2016
BANKBARODA.NS,active,2015-06-01,2026-05-26,2714
BANKINDIA.NS,active,2015-06-01,2026-05-26,2714
BASF.NS,active,2015-06-01,2026-05-26,2714
BATAINDIA.NS,active,2015-06-01,2026-05-26,2714
BAYERCROP.NS,active,2015-06-01,2026-05-26,2714
BBTC.NS,active,2015-06-01,2026-05-26,2714
BCG.NS,active,2015-06-01,2026-05-26,2714
BDL.NS,active,2018-03-23,2026-05-26,2018
BEL.NS,active,2015-06-01,2026-05-26,2714
BELRISE.NS,active,2025-05-28,2026-05-26,248
BEML.NS,active,2015-06-01,2026-05-26,2714
BERGEPAINT.NS,active,2015-06-01,2026-05-26,2714
BFUTILITIE.NS,active,2015-06-01,2026-05-26,2714
BHARATFORG.NS,active,2015-06-01,2026-05-26,2713
BHARATRAS.NS,active,2015-06-01,2026-05-26,2713
BHARTIARTL.NS,active,2015-06-01,2026-05-26,2714
BHARTIHEXA.NS,active,2024-04-12,2026-05-26,525
BHEL.NS,active,2015-06-01,2026-05-26,2714
BHUSANSTL.NS,insufficient,,,0
BIKAJI.NS,active,2022-11-16,2026-05-26,870
BIOCON.NS,active,2015-06-01,2026-05-26,2714
BIRLACORPN.NS,active,2015-06-01,2026-05-26,2713
BLISSGVS.NS,active,2015-06-01,2026-05-26,2714
BLS.NS,active,2016-06-15,2026-05-26,2457
BLUEDART.NS,active,2015-06-01,2026-05-26,2714
BLUEJET.NS,active,2023-11-01,2026-05-26,633
BLUESTARCO.NS,active,2015-06-01,2026-05-26,2714
BOMDYEING.NS,active,2015-06-01,2026-05-26,2714
BORORENEW.NS,active,2018-05-25,2026-05-26,1976
BOSCHLTD.NS,active,2015-06-01,2026-05-26,2713
BPCL.NS,active,2015-06-01,2026-05-26,2714
BRIGADE.NS,active,2015-06-01,2026-05-26,2714
BRITANNIA.NS,active,2015-06-01,2026-05-26,2714
BSE.NS,active,2017-02-03,2026-05-26,2299
BSOFT.NS,active,2015-06-01,2026-05-26,2714
BURGERKING.NS,insufficient,,,0
CADILAHC.NS,insufficient,,,0
CAIRN.NS,insufficient,,,0
CAMLINFINE.NS,active,2015-06-01,2026-05-26,2713
CAMPUS.NS,active,2022-05-09,2026-05-26,1002
CAMS.NS,active,2020-10-05,2026-05-26,1396
CANBK.NS,active,2015-06-01,2026-05-26,2714
CANFINHOME.NS,active,2015-06-01,2026-05-26,2714
CANHLIFE.NS,insufficient,,,149
CAPF.NS,delisted,2015-06-01,2018-12-26,883
CAPLIPOINT.NS,active,2015-06-01,2026-05-26,2713
CARBORUNIV.NS,active,2015-06-01,2026-05-26,2713
CARERATING.NS,active,2015-06-01,2026-05-26,2713
CARTRADE.NS,active,2021-08-20,2026-05-26,1178
CASTEXTECH.NS,insufficient,,,0
CASTROLIND.NS,active,2015-06-01,2026-05-26,2714
CCL.NS,active,2015-06-01,2026-05-26,2714
CDSL.NS,active,2017-06-30,2026-05-26,2200
CEATLTD.NS,active,2015-06-01,2026-05-26,2714
CELLO.NS,active,2023-11-06,2026-05-26,628
CEMPRO.NS,active,2015-06-01,2026-05-26,2714
CENTENKA.NS,active,2015-06-01,2026-05-26,2713
CENTRALBK.NS,active,2015-06-01,2026-05-26,2714
CENTURYPLY.NS,active,2015-06-01,2026-05-26,2713
CENTURYTEX.NS,insufficient,,,0
CERA.NS,active,2015-06-01,2026-05-26,2713
CESC.NS,active,2015-06-01,2026-05-26,2714
CGCL.NS,active,2015-06-01,2026-05-26,2714
CGPOWER.NS,active,2015-06-01,2026-05-26,2714
CHALET.NS,active,2019-02-07,2026-05-26,1801
CHAMBLFERT.NS,active,2015-06-01,2026-05-26,2714
CHEMPLASTS.NS,active,2021-08-24,2026-05-26,1176
CHENNPETRO.NS,active,2015-06-01,2026-05-26,2714
CHOICEIN.NS,active,2022-04-08,2026-05-26,1019
CHOLAFIN.NS,active,2015-06-01,2026-05-26,2714
CHOLAHLDNG.NS,active,2015-06-01,2026-05-26,2714
CIEINDIA.NS,active,2015-06-01,2026-05-26,2712
CIPLA.NS,active,2015-06-01,2026-05-26,2714
CLEAN.NS,active,2021-07-19,2026-05-26,1200
CLNINDIA.NS,insufficient,,,0
COALINDIA.NS,active,2015-06-01,2026-05-26,2714
COCHINSHIP.NS,active,2017-08-11,2026-05-26,2170
COFORGE.NS,active,2015-06-01,2026-05-26,2714
COHANCE.NS,active,2020-03-09,2026-05-26,1538
COLPAL.NS,active,2015-06-01,2026-05-26,2714
CONCOR.NS,active,2015-06-01,2026-05-26,2714
CONCORDBIO.NS,active,2023-08-18,2026-05-26,683
COROMANDEL.NS,active,2015-06-01,2026-05-26,2714
CORPBANK.NS,insufficient,,,0
COX&KINGS.NS,insufficient,,,0
CPPLUS.NS,insufficient,,,199
CRAFTSMAN.NS,active,2021-03-25,2026-05-26,1275
CREDITACC.NS,active,2018-08-23,2026-05-26,1914
CRISIL.NS,active,2015-06-01,2026-05-26,2714
CROMPTON.NS,active,2016-05-13,2026-05-26,2480
CSBBANK.NS,active,2019-12-04,2026-05-26,1604
CUB.NS,active,2015-06-01,2026-05-26,2714
CUMMINSIND.NS,active,2015-06-01,2026-05-26,2714
CYIENT.NS,active,2015-06-01,2026-05-26,2714
DABUR.NS,active,2015-06-01,2026-05-26,2714
DALBHARAT.NS,active,2018-12-21,2026-05-26,1833
DATAPATTNS.NS,active,2021-12-24,2026-05-26,1092
DBCORP.NS,active,2015-06-01,2026-05-26,2713
DBL.NS,active,2016-08-11,2026-05-26,2415
DBREALTY.NS,active,2015-06-01,2026-05-26,2714
DCAL.NS,active,2015-06-01,2026-05-26,2713
DCBBANK.NS,active,2015-06-01,2026-05-26,2714
DCMSHRIRAM.NS,active,2015-06-01,2026-05-26,2713
DEEPAKFERT.NS,active,2015-06-01,2026-05-26,2714
DEEPAKNTR.NS,active,2015-06-01,2026-05-26,2713
DELHIVERY.NS,active,2022-05-24,2026-05-26,991
DELTACORP.NS,active,2015-06-01,2026-05-26,2714
DEN.NS,active,2015-06-01,2026-05-26,2712
DENABANK.NS,insufficient,,,0
DEVYANI.NS,active,2021-08-16,2026-05-26,1181
DHANBANK.NS,active,2015-06-01,2026-05-26,2714
DHANI.NS,insufficient,,,0
DHANUKA.NS,active,2015-06-01,2026-05-26,2712
DHFL.NS,insufficient,,,0
DISHTV.NS,active,2015-06-01,2026-05-26,2714
DIVISLAB.NS,active,2015-06-01,2026-05-26,2713
DIXON.NS,active,2017-09-18,2026-05-26,2146
DLF.NS,active,2015-06-01,2026-05-26,2714
DMART.NS,active,2017-03-21,2026-05-26,2269
DOMS.NS,active,2023-12-20,2026-05-26,599
DRREDDY.NS,active,2015-06-01,2026-05-26,2714
DUMMYVEDL1.NS,insufficient,,,0
DUMMYVEDL2.NS,insufficient,,,0
DUMMYVEDL3.NS,insufficient,,,0
DUMMYVEDL4.NS,insufficient,,,0
DYNAMATECH.NS,active,2015-06-01,2026-05-26,2713
EASEMYTRIP.NS,active,2021-03-19,2026-05-26,1281
ECLERX.NS,active,2015-06-01,2026-05-26,2714
EDELWEISS.NS,active,2015-06-01,2026-05-26,2714
EICHERMOT.NS,active,2015-06-01,2026-05-26,2714
EIDPARRY.NS,active,2015-06-01,2026-05-26,2713
EIHOTEL.NS,active,2015-06-01,2026-05-26,2714
ELECON.NS,active,2015-06-01,2026-05-26,2714
ELECTCAST.NS,active,2015-06-01,2026-05-26,2714
ELGIEQUIP.NS,active,2015-06-01,2026-05-26,2714
EMAMILTD.NS,active,2015-06-01,2026-05-26,2714
EMCURE.NS,active,2024-07-10,2026-05-26,465
EMMVEE.NS,insufficient,,,129
ENDURANCE.NS,active,2016-10-19,2026-05-26,2373
ENGINERSIN.NS,active,2015-06-01,2026-05-26,2714
ENIL.NS,active,2015-06-01,2026-05-26,2713
ENRIN.NS,active,2025-06-19,2026-05-26,232
EPL.NS,active,2015-06-01,2026-05-26,2713
EQUITAS.NS,insufficient,,,0
EQUITASBNK.NS,active,2020-11-02,2026-05-26,1376
ERIS.NS,active,2017-06-30,2026-05-26,2198
EROSMEDIA.NS,active,2015-06-01,2026-05-26,2714
ESABINDIA.NS,active,2015-06-01,2026-05-26,2712
ESCORTS.NS,active,2015-06-01,2026-05-26,2714
ESSDEE.NS,insufficient,,,0
ESSELPACK.NS,insufficient,,,0
ETERNAL.NS,active,2021-07-23,2026-05-26,1197
EVEREADY.NS,active,2015-06-01,2026-05-26,2713
EXIDEIND.NS,active,2015-06-01,2026-05-26,2714
FACT.NS,active,2015-06-01,2026-05-26,2714
FAGBEARING.NS,insufficient,,,0
FCONSUMER.NS,active,2015-06-01,2026-05-26,2714
FDC.NS,active,2015-06-01,2026-05-26,2713
FEDERALBNK.NS,active,2015-06-01,2026-05-26,2714
FINANTECH.NS,insufficient,,,0
FINCABLES.NS,active,2015-06-01,2026-05-26,2714
FINEORG.NS,active,2018-07-02,2026-05-26,1950
FINPIPE.NS,active,2015-06-01,2026-05-26,2712
FIRSTCRY.NS,active,2024-08-13,2026-05-26,443
FIVESTAR.NS,active,2022-11-21,2026-05-26,867
FLEXITUFF.NS,active,2015-06-01,2026-05-26,2712
FLFL.NS,active,2015-06-01,2026-05-26,2712
FLUOROCHEM.NS,active,2019-10-16,2026-05-26,1637
FMGOETZE.NS,active,2015-06-01,2026-05-26,2712
FORCEMOT.NS,active,2019-08-19,2026-05-26,1634
FORTIS.NS,active,2015-06-01,2026-05-26,2714
FRETAIL.NS,active,2016-08-29,2026-05-26,2406
FSL.NS,active,2015-06-01,2026-05-26,2714
GABRIEL.NS,active,2015-06-01,2026-05-26,2714
GAEL.NS,active,2015-06-01,2026-05-26,2714
GAIL.NS,active,2015-06-01,2026-05-26,2714
GALAXYSURF.NS,active,2018-02-08,2026-05-26,2045
GALLANTT.NS,active,2015-06-01,2026-05-26,2713
GARFIBRES.NS,active,2015-06-01,2026-05-26,2713
GATI.NS,insufficient,,,0
GAYAPROJ.NS,active,2015-06-01,2026-05-26,2714
GDL.NS,insufficient,,,0
GEOMETRIC.NS,insufficient,,,0
GEPIL.NS,insufficient,,,0
GESHIP.NS,active,2015-06-01,2026-05-26,2714
GHCL.NS,active,2015-06-01,2026-05-26,2714
GICRE.NS,active,2017-10-25,2026-05-26,2121
GILLETTE.NS,active,2015-06-01,2026-05-26,2714
GITANJALI.NS,insufficient,,,0
GLAND.NS,active,2020-11-20,2026-05-26,1361
GLAXO.NS,active,2015-06-01,2026-05-26,2714
GLENMARK.NS,active,2015-06-01,2026-05-26,2714
GMDCLTD.NS,active,2015-06-01,2026-05-26,2714
GMMPFAUDLR.NS,active,2018-03-05,2026-05-26,2031
GMRAIRPORT.NS,active,2015-06-01,2026-05-26,2714
GMRINFRA.NS,insufficient,,,0
GMRINFRASTRUCT.NS,insufficient,,,0
GNFC.NS,active,2015-06-01,2026-05-26,2714
GOCOLORS.NS,active,2021-11-30,2026-05-26,1109
GODFRYPHLP.NS,active,2015-06-01,2026-05-26,2714
GODIGIT.NS,active,2024-05-23,2026-05-26,498
GODREJAGRO.NS,active,2017-10-16,2026-05-26,2127
GODREJCP.NS,active,2015-06-01,2026-05-26,2714
GODREJIND.NS,active,2015-06-01,2026-05-26,2714
GODREJPROP.NS,active,2015-06-01,2026-05-26,2714
GPIL.NS,active,2015-06-01,2026-05-26,2714
GPPL.NS,active,2015-06-01,2026-05-26,2714
GRANULES.NS,active,2015-06-01,2026-05-26,2713
GRAPHITE.NS,active,2015-06-01,2026-05-26,2714
GRASIM.NS,active,2015-06-01,2026-05-26,2714
GRAVITA.NS,active,2015-06-01,2026-05-26,2714
GREAVESCOT.NS,active,2015-06-01,2026-05-26,2714
GREENPANEL.NS,active,2019-10-23,2026-05-26,1633
GRINDWELL.NS,active,2015-06-01,2026-05-26,2713
GRINFRA.NS,active,2021-07-19,2026-05-26,1200
GROWW.NS,insufficient,,,133
GRSE.NS,active,2018-10-24,2026-05-26,1874
GRUH.NS,insufficient,,,0
GSFC.NS,active,2015-06-01,2026-05-26,2714
GSKCONS.NS,insufficient,,,0
GSPL.NS,insufficient,,,0
GTLINFRA.NS,active,2015-06-01,2026-05-26,2714
GUJALKALI.NS,active,2015-06-01,2026-05-26,2713
GUJFLUORO.NS,insufficient,,,0
GUJGASLTD.NS,insufficient,,,0
GULFOILLUB.NS,active,2015-06-01,2026-05-26,2714
GVT&D.NS,active,2015-06-01,2026-05-26,2714
HAL.NS,active,2018-04-02,2026-05-26,2014
HAPPSTMNDS.NS,active,2020-09-17,2026-05-26,1407
HAPPYFORGE.NS,active,2023-12-27,2026-05-26,596
HATHWAY.NS,active,2015-06-01,2026-05-26,2714
HATSUN.NS,active,2015-06-01,2026-05-26,2713
HAVELLS.NS,active,2015-06-01,2026-05-26,2714
HBLENGINE.NS,active,2015-06-01,2026-05-26,2714
HCL-INSYS.NS,active,2015-06-01,2026-05-26,2714
HCLTECH.NS,active,2015-06-01,2026-05-26,2714
HDBFS.NS,active,2025-07-02,2026-05-26,223
HDFC.NS,insufficient,,,0
HDFCAMC.NS,active,2018-08-06,2026-05-26,1925
HDFCBANK.NS,active,2015-06-01,2026-05-26,2714
HDFCLIFE.NS,active,2017-11-17,2026-05-26,2104
HEG.NS,active,2015-06-01,2026-05-26,2714
HEIDELBERG.NS,active,2015-06-01,2026-05-26,2714
HEMIPROP.NS,active,2020-10-22,2026-05-26,1383
HERITGFOOD.NS,active,2015-06-01,2026-05-26,2714
HEROMOTOCO.NS,active,2015-06-01,2026-05-26,2714
HEXAWARE.NS,insufficient,,,0
HEXT.NS,active,2025-02-19,2026-05-26,310
HFCL.NS,active,2015-06-01,2026-05-26,2714
HGS.NS,active,2015-06-01,2026-05-26,2713
HIKAL.NS,active,2015-06-01,2026-05-26,2713
HIMATSEIDE.NS,active,2015-06-01,2026-05-26,2714
HINDALCO.NS,active,2015-06-01,2026-05-26,2714
HINDCOPPER.NS,active,2015-06-01,2026-05-26,2714
HINDPETRO.NS,active,2015-06-01,2026-05-26,2714
HINDUNILVR.NS,active,2015-06-01,2026-05-26,2714
HINDZINC.NS,active,2015-06-01,2026-05-26,2714
HLEGLAS.NS,active,2021-02-22,2026-05-26,1299
HOMEFIRST.NS,active,2021-02-03,2026-05-26,1311
HONASA.NS,active,2023-11-07,2026-05-26,628
HONAUT.NS,active,2015-06-01,2026-05-26,2712
HSCL.NS,active,2015-06-01,2026-05-26,2714
HSIL.NS,insufficient,,,0
HTMEDIA.NS,active,2015-06-01,2026-05-26,2712
HUDCO.NS,active,2017-05-19,2026-05-26,2229
HUHTAMAKI.NS,active,2015-06-01,2026-05-26,2714
HYUNDAI.NS,active,2024-10-22,2026-05-26,395
IBREALEST.NS,active,2015-06-01,2026-05-26,2714
IBULHSGFIN.NS,insufficient,,,0
IBVENTURES.NS,insufficient,,,0
ICICIAMC.NS,insufficient,,,106
ICICIBANK.NS,active,2015-06-01,2026-05-26,2714
ICICIGI.NS,active,2017-09-27,2026-05-26,2139
ICICIPRULI.NS,active,2016-09-29,2026-05-26,2385
ICIL.NS,active,2015-06-01,2026-05-26,2714
ICRA.NS,active,2015-06-01,2026-05-26,2712
IDBI.NS,active,2015-06-01,2026-05-26,2714
IDEA.NS,active,2015-06-01,2026-05-26,2714
IDFC.NS,insufficient,,,0
IDFCFIRSTB.NS,active,2015-11-06,2026-05-26,2604
IEX.NS,active,2017-10-23,2026-05-26,2123
IFBIND.NS,active,2015-06-01,2026-05-26,2714
IFCI.NS,active,2015-06-01,2026-05-26,2714
IGIL.NS,active,2024-12-30,2026-05-26,348
IGL.NS,active,2015-06-01,2026-05-26,2714
IIFL.NS,active,2015-06-01,2026-05-26,2714
IIFLWAM.NS,insufficient,,,0
IKS.NS,active,2024-12-19,2026-05-26,354
IL&FSTRANS.NS,active,2015-06-01,2026-05-26,2712
INDGN.NS,active,2024-05-13,2026-05-26,506
INDHOTEL.NS,active,2015-06-01,2026-05-26,2714
INDIACEM.NS,active,2015-06-01,2026-05-26,2714
INDIAMART.NS,active,2019-07-04,2026-05-26,1705
INDIANB.NS,active,2015-06-01,2026-05-26,2714
INDIGO.NS,active,2015-11-10,2026-05-26,2601
INDIGOPNTS.NS,active,2021-02-02,2026-05-26,1313
INDOCO.NS,active,2015-06-01,2026-05-26,2714
INDUSINDBK.NS,active,2015-06-01,2026-05-26,2714
INDUSTOWER.NS,active,2015-06-01,2026-05-26,2714
INFIBEAM.NS,insufficient,,,0
INFRATEL.NS,insufficient,,,0
INFY.NS,active,2015-06-01,2026-05-26,2714
INGERRAND.NS,active,2015-06-01,2026-05-26,2714
INOXLEISUR.NS,insufficient,,,0
INOXWIND.NS,active,2015-06-01,2026-05-26,2714
INTELLECT.NS,active,2015-06-01,2026-05-26,2714
IOB.NS,active,2015-06-01,2026-05-26,2714
IOC.NS,active,2015-06-01,2026-05-26,2714
IOLCP.NS,active,2015-06-01,2026-05-26,2714
IPCALAB.NS,active,2015-06-01,2026-05-26,2713
IRB.NS,active,2015-06-01,2026-05-26,2714
IRCON.NS,active,2018-09-28,2026-05-26,1890
IRCTC.NS,active,2019-10-14,2026-05-26,1639
IREDA.NS,active,2023-11-29,2026-05-26,615
IRFC.NS,active,2021-01-29,2026-05-26,1315
ISEC.NS,insufficient,,,0
ITC.NS,active,2015-06-01,2026-05-26,2714
ITCHOTELS.NS,active,2025-01-29,2026-05-26,326
ITDCEM.NS,insufficient,,,0
ITI.NS,active,2015-06-01,2026-05-26,2714
IVRCLINFRA.NS,insufficient,,,0
J&KBANK.NS,active,2015-06-01,2026-05-26,2714
JAGRAN.NS,active,2015-06-01,2026-05-26,2713
JAIBALAJI.NS,active,2015-06-01,2026-05-26,2714
JAICORPLTD.NS,active,2015-06-01,2026-05-26,2714
JAINREC.NS,insufficient,,,158
JAMNAAUTO.NS,active,2015-06-01,2026-05-26,2714
JBCHEPHARM.NS,active,2015-06-01,2026-05-26,2714
JBFIND.NS,insufficient,,,0
JBMA.NS,active,2015-06-01,2026-05-26,2714
JCHAC.NS,insufficient,,,0
JINDALSAW.NS,active,2015-06-01,2026-05-26,2714
JINDALSTEL.NS,active,2015-06-01,2026-05-26,2714
JINDWORLD.NS,active,2015-06-01,2026-05-26,2714
JIOFIN.NS,active,2023-08-21,2026-05-26,682
JISLJALEQS.NS,active,2015-06-01,2026-05-26,2714
JKCEMENT.NS,active,2015-06-01,2026-05-26,2714
JKIL.NS,active,2015-06-01,2026-05-26,2714
JKLAKSHMI.NS,active,2015-06-01,2026-05-26,2714
JKPAPER.NS,active,2015-06-01,2026-05-26,2713
JKTYRE.NS,active,2015-06-01,2026-05-26,2714
JMFINANCIL.NS,active,2015-06-01,2026-05-26,2714
JPASSOCIAT.NS,insufficient,,,0
JPINFRATEC.NS,delisted,2015-06-01,2025-02-19,2403
JPPOWER.NS,active,2015-06-01,2026-05-26,2714
JSL.NS,active,2015-06-01,2026-05-26,2714
JSLHISAR.NS,insufficient,,,0
JSWCEMENT.NS,insufficient,,,192
JSWDULUX.NS,active,2015-06-01,2026-05-26,2714
JSWENERGY.NS,active,2015-06-01,2026-05-26,2714
JSWHL.NS,active,2015-06-01,2026-05-26,2714
JSWINFRA.NS,active,2023-10-03,2026-05-26,653
JSWSTEEL.NS,active,2015-06-01,2026-05-26,2714
JTEKTINDIA.NS,active,2015-06-01,2026-05-26,2714
JUBILANT.NS,insufficient,,,0
JUBLFOOD.NS,active,2015-06-01,2026-05-26,2714
JUBLINGREA.NS,active,2021-03-19,2026-05-26,1281
JUBLPHARMA.NS,active,2015-06-01,2026-05-26,2713
JUSTDIAL.NS,active,2015-06-01,2026-05-26,2714
JWL.NS,active,2015-06-01,2026-05-26,2714
JYOTHYLAB.NS,active,2015-06-01,2026-05-26,2714
JYOTICNC.NS,active,2024-01-16,2026-05-26,582
JYOTISTRUC.NS,active,2015-06-01,2026-05-26,2713
KAJARIACER.NS,active,2015-06-01,2026-05-26,2714
KALPATPOWR.NS,insufficient,,,0
KALYANKJIL.NS,active,2021-03-26,2026-05-26,1276
KANSAINER.NS,active,2015-06-01,2026-05-26,2712
KARURVYSYA.NS,active,2015-06-01,2026-05-26,2714
KAYNES.NS,active,2022-11-22,2026-05-26,867
KCP.NS,active,2015-06-01,2026-05-26,2713
KEC.NS,active,2015-06-01,2026-05-26,2714
KEI.NS,active,2015-06-01,2026-05-26,2714
KENNAMET.NS,active,2019-08-19,2026-05-26,1096
KFINTECH.NS,active,2022-12-29,2026-05-26,840
KIMS.NS,active,2021-06-28,2026-05-26,1215
KIRLOSENG.NS,active,2015-06-01,2026-05-26,2713
KITEX.NS,active,2015-06-01,2026-05-26,2714
KKCL.NS,active,2015-06-01,2026-05-26,2712
KNRCON.NS,active,2015-06-01,2026-05-26,2714
KOLTEPATIL.NS,active,2015-06-01,2026-05-26,2712
KOTAKBANK.NS,active,2015-06-01,2026-05-26,2714
KPIL.NS,active,2015-06-01,2026-05-26,2713
KPIT.NS,insufficient,,,0
KPITTECH.NS,active,2019-04-22,2026-05-26,1755
KPRMILL.NS,active,2015-06-01,2026-05-26,2714
KRBL.NS,active,2015-06-01,2026-05-26,2713
KSB.NS,active,2015-06-01,2026-05-26,2714
KSBPUMPS.NS,insufficient,,,0
KSCL.NS,active,2015-06-01,2026-05-26,2713
KSK.NS,insufficient,,,0
KTKBANK.NS,active,2015-06-01,2026-05-26,2714
L&TFH.NS,insufficient,,,0
LAKSHVILAS.NS,insufficient,,,0
LALPATHLAB.NS,active,2015-12-23,2026-05-26,2574
LAOPALA.NS,active,2015-06-01,2026-05-26,2714
LATENTVIEW.NS,active,2021-11-23,2026-05-26,1115
LAURUSLABS.NS,active,2016-12-19,2026-05-26,2332
LAXMIMACH.NS,insufficient,,,0
LEMONTREE.NS,active,2018-04-09,2026-05-26,2009
LENSKART.NS,insufficient,,,135
LGBBROSLTD.NS,active,2015-06-01,2026-05-26,2714
LGEINDIA.NS,insufficient,,,152
LICHSGFIN.NS,active,2015-06-01,2026-05-26,2714
LICI.NS,active,2022-05-17,2026-05-26,996
LINDEINDIA.NS,active,2015-06-01,2026-05-26,2713
LITL.NS,insufficient,,,0
LLOYDSME.NS,active,2023-07-17,2026-05-26,706
LODHA.NS,active,2021-04-19,2026-05-26,1263
LT.NS,active,2015-06-01,2026-05-26,2714
LTF.NS,active,2015-06-01,2026-05-26,2714
LTFOODS.NS,active,2015-06-01,2026-05-26,2714
LTI.NS,insufficient,,,0
LTIM.NS,insufficient,,,0
LTM.NS,active,2016-07-21,2026-05-26,2432
LTTS.NS,active,2016-09-23,2026-05-26,2389
LUPIN.NS,active,2015-06-01,2026-05-26,2714
LUXIND.NS,active,2015-12-01,2026-05-26,2590
LXCHEM.NS,active,2021-03-25,2026-05-26,1277
M&M.NS,active,2015-06-01,2026-05-26,2714
M&MFIN.NS,active,2015-06-01,2026-05-26,2714
MAGMA.NS,insufficient,,,0
MAHABANK.NS,active,2015-06-01,2026-05-26,2714
MAHINDCIE.NS,insufficient,,,0
MAHLIFE.NS,active,2015-06-01,2026-05-26,2714
MAHLOG.NS,active,2017-11-10,2026-05-26,2109
MAHSCOOTER.NS,active,2015-06-01,2026-05-26,2713
MAHSEAMLES.NS,active,2015-06-01,2026-05-26,2714
MANAPPURAM.NS,active,2015-06-01,2026-05-26,2714
MANKIND.NS,active,2023-05-09,2026-05-26,753
MANYAVAR.NS,active,2022-02-16,2026-05-26,1054
MAPMYINDIA.NS,active,2021-12-21,2026-05-26,1094
MARICO.NS,active,2015-06-01,2026-05-26,2714
MARKSANS.NS,active,2015-06-01,2026-05-26,2714
MARUTI.NS,active,2015-06-01,2026-05-26,2714
MASFIN.NS,active,2017-10-18,2026-05-26,2125
MASTEK.NS,active,2015-06-01,2026-05-26,2714
MAXHEALTH.NS,active,2020-08-21,2026-05-26,1426
MAYURUNIQ.NS,active,2015-06-01,2026-05-26,2712
MAZDOCK.NS,active,2020-10-12,2026-05-26,1391
MBLINFRA.NS,active,2015-06-01,2026-05-26,2713
MCDOWELL-N.NS,insufficient,,,0
MCLEODRUSS.NS,active,2015-06-01,2026-05-26,2712
MCX.NS,active,2015-06-01,2026-05-26,2714
MEDANTA.NS,active,2022-11-18,2026-05-26,868
MEDPLUS.NS,active,2021-12-23,2026-05-26,1091
MEESHO.NS,insufficient,,,113
MERCATOR.NS,insufficient,,,0
MERCK.NS,insufficient,,,0
METALFORGE.NS,delisted,2015-06-01,2025-03-24,2424
METROBRAND.NS,active,2021-12-22,2026-05-26,1092
METROPOLIS.NS,active,2019-04-15,2026-05-26,1758
MFL.NS,insufficient,,,0
MFSL.NS,active,2015-06-01,2026-05-26,2714
MGL.NS,active,2016-07-01,2026-05-26,2444
MHRIL.NS,active,2015-06-01,2026-05-26,2714
MIDHANI.NS,active,2018-04-04,2026-05-26,2012
MINDACORP.NS,active,2015-06-01,2026-05-26,2713
MINDAIND.NS,insufficient,,,0
MINDTREE.NS,insufficient,,,0
MMTC.NS,active,2015-06-01,2026-05-26,2714
MOIL.NS,active,2015-06-01,2026-05-26,2714
MONSANTO.NS,insufficient,,,0
MOTHERSON.NS,active,2015-06-01,2026-05-26,2714
MOTHERSUMI.NS,insufficient,,,0
MOTILALOFS.NS,active,2015-06-01,2026-05-26,2714
MPHASIS.NS,active,2015-06-01,2026-05-26,2714
MRF.NS,active,2015-06-01,2026-05-26,2713
MRPL.NS,active,2015-06-01,2026-05-26,2714
MSUMI.NS,active,2022-03-28,2026-05-26,1029
MTARTECH.NS,active,2021-03-15,2026-05-26,1285
MTEDUCARE.NS,active,2015-06-01,2026-05-26,2712
MUNJALSHOW.NS,active,2015-06-01,2026-05-26,2714
MUTHOOTFIN.NS,active,2015-06-01,2026-05-26,2714
NAM-INDIA.NS,active,2017-11-06,2026-05-26,2113
NATCOPHARM.NS,active,2015-06-01,2026-05-26,2714
NATIONALUM.NS,active,2015-06-01,2026-05-26,2714
NAUKRI.NS,active,2015-06-01,2026-05-26,2714
NAVA.NS,active,2015-06-01,2026-05-26,2714
NAVINFLUOR.NS,active,2015-06-01,2026-05-26,2713
NAVNETEDUL.NS,active,2015-06-01,2026-05-26,2714
NAZARA.NS,active,2021-03-30,2026-05-26,1275
NBCC.NS,active,2015-06-01,2026-05-26,2714
NBVENTURES.NS,insufficient,,,0
NCC.NS,active,2015-06-01,2026-05-26,2714
NDTV.NS,active,2015-06-01,2026-05-26,2714
NESCO.NS,active,2015-06-01,2026-05-26,2712
NESTLEIND.NS,active,2015-06-01,2026-05-26,2714
NETWEB.NS,active,2023-07-27,2026-05-26,698
NETWORK18.NS,active,2015-06-01,2026-05-26,2714
NEULANDLAB.NS,active,2015-06-01,2026-05-26,2714
NEWGEN.NS,active,2018-01-29,2026-05-26,2055
NFL.NS,active,2015-06-01,2026-05-26,2714
NH.NS,active,2016-01-06,2026-05-26,2565
NHPC.NS,active,2015-06-01,2026-05-26,2714
NIACL.NS,active,2017-11-13,2026-05-26,2108
NIITLTD.NS,active,2015-06-01,2026-05-26,2714
NIITTECH.NS,insufficient,,,0
NILKAMAL.NS,active,2015-06-01,2026-05-26,2712
NIVABUPA.NS,active,2024-11-14,2026-05-26,377
NLCINDIA.NS,active,2015-06-01,2026-05-26,2714
NMDC.NS,active,2015-06-01,2026-05-26,2714
NOCIL.NS,active,2015-06-01,2026-05-26,2714
NOIDATOLL.NS,active,2015-06-01,2026-05-26,2713
NSLNISP.NS,active,2023-02-20,2026-05-26,804
NTPC.NS,active,2015-06-01,2026-05-26,2714
NTPCGREEN.NS,active,2024-11-27,2026-05-26,371
NUVAMA.NS,active,2023-09-26,2026-05-26,657
NUVOCO.NS,active,2021-08-23,2026-05-26,1177
NYKAA.NS,active,2021-11-10,2026-05-26,1123
OBEROIRLTY.NS,active,2015-06-01,2026-05-26,2713
OFSS.NS,active,2015-06-01,2026-05-26,2714
OIL.NS,active,2015-06-01,2026-05-26,2714
OLAELEC.NS,active,2024-08-09,2026-05-26,445
OLECTRA.NS,active,2015-06-01,2026-05-26,2714
OMAXE.NS,active,2015-06-01,2026-05-26,2713
ONESOURCE.NS,active,2025-01-24,2026-05-26,330
ONGC.NS,active,2015-06-01,2026-05-26,2714
OPTOCIRCUI.NS,insufficient,,,0
ORIENTBANK.NS,insufficient,,,0
ORIENTCEM.NS,active,2015-06-01,2026-05-26,2713
ORIENTELEC.NS,active,2018-05-14,2026-05-26,1985
ORIENTREF.NS,insufficient,,,0
ORISSAMINE.NS,active,2015-06-01,2026-05-26,2714
PAGEIND.NS,active,2015-06-01,2026-05-26,2712
PARADEEP.NS,active,2022-05-27,2026-05-26,988
PARSVNATH.NS,active,2015-06-01,2026-05-26,2713
PATANJALI.NS,active,2015-06-01,2026-05-26,2714
PATELENG.NS,active,2015-06-01,2026-05-26,2714
PAYTM.NS,active,2021-11-18,2026-05-26,1117
PCBL.NS,active,2015-06-01,2026-05-26,2714
PEL.NS,insufficient,,,0
PENIND.NS,active,2015-06-01,2026-05-26,2713
PENINLAND.NS,active,2015-06-01,2026-05-26,2714
PERSISTENT.NS,active,2015-06-01,2026-05-26,2714
PETRONET.NS,active,2015-06-01,2026-05-26,2714
PFC.NS,active,2015-06-01,2026-05-26,2714
PFIZER.NS,active,2015-06-01,2026-05-26,2713
PFS.NS,active,2015-06-01,2026-05-26,2714
PGEL.NS,active,2015-06-01,2026-05-26,2714
PGHH.NS,active,2015-06-01,2026-05-26,2713
PGHL.NS,active,2015-06-01,2026-05-26,2712
PHILIPCARB.NS,insufficient,,,0
PHOENIXLTD.NS,active,2015-06-01,2026-05-26,2712
PIDILITIND.NS,active,2015-06-01,2026-05-26,2714
PIIND.NS,active,2015-06-01,2026-05-26,2714
PINELABS.NS,insufficient,,,131
PIRAMALFIN.NS,insufficient,,,136
PNB.NS,active,2015-06-01,2026-05-26,2714
PNBHOUSING.NS,active,2016-11-07,2026-05-26,2361
PNCINFRA.NS,active,2015-06-01,2026-05-26,2714
POLICYBZR.NS,active,2021-11-15,2026-05-26,1119
POLYCAB.NS,active,2019-04-16,2026-05-26,1757
POLYMED.NS,active,2015-06-01,2026-05-26,2714
POLYPLEX.NS,active,2015-06-01,2026-05-26,2714
POONAWALLA.NS,active,2015-06-01,2026-05-26,2714
POWERGRID.NS,active,2015-06-01,2026-05-26,2714
POWERINDIA.NS,active,2020-03-30,2026-05-26,1524
PPLPHARMA.NS,active,2022-10-19,2026-05-26,889
PRAJIND.NS,active,2015-06-01,2026-05-26,2714
PRAKASH.NS,active,2015-06-01,2026-05-26,2714
PREMIERENE.NS,active,2024-09-03,2026-05-26,429
PRESTIGE.NS,active,2015-06-01,2026-05-26,2714
PRINCEPIPE.NS,active,2019-12-30,2026-05-26,1586
PRISMCEM.NS,insufficient,,,0
PRSMJOHNSN.NS,active,2015-06-01,2026-05-26,2712
PTC.NS,active,2015-06-01,2026-05-26,2714
PTCIL.NS,active,2023-06-09,2026-05-26,730
PUNJLLOYD.NS,insufficient,,,0
PURVA.NS,active,2015-06-01,2026-05-26,2713
PVR.NS,insufficient,,,0
PVRINOX.NS,active,2015-06-01,2026-05-26,2713
PWL.NS,insufficient,,,129
QUESS.NS,active,2016-07-12,2026-05-26,2439
RADICO.NS,active,2015-06-01,2026-05-26,2713
RAILTEL.NS,active,2021-02-26,2026-05-26,1295
RAIN.NS,active,2015-06-01,2026-05-26,2714
RAINBOW.NS,active,2022-05-10,2026-05-26,1000
RAJESHEXPO.NS,active,2015-06-01,2026-05-26,2714
RALLIS.NS,active,2015-06-01,2026-05-26,2714
RAMCOCEM.NS,active,2015-06-01,2026-05-26,2713
RATNAMANI.NS,active,2015-06-01,2026-05-26,2713
RAYMOND.NS,active,2015-06-01,2026-05-26,2714
RBA.NS,active,2020-12-14,2026-05-26,1346
RBLBANK.NS,active,2016-08-31,2026-05-26,2404
RCF.NS,active,2015-06-01,2026-05-26,2714
RCOM.NS,active,2015-06-01,2026-05-26,2713
RECLTD.NS,active,2015-06-01,2026-05-26,2714
REDINGTON.NS,active,2015-06-01,2026-05-26,2714
RELAXO.NS,active,2015-06-01,2026-05-26,2713
RELCAPITAL.NS,delisted,2015-06-01,2025-02-11,2396
RELIANCE.NS,active,2015-06-01,2026-05-26,2714
RELIGARE.NS,active,2015-06-01,2026-05-26,2713
RELINFRA.NS,active,2015-06-01,2026-05-26,2714
RENUKA.NS,active,2015-06-01,2026-05-26,2714
REPCOHOME.NS,active,2015-06-01,2026-05-26,2714
RESPONIND.NS,active,2015-06-01,2026-05-26,2712
RHIM.NS,active,2015-06-01,2026-05-26,2713
RICOAUTO.NS,active,2015-06-01,2026-05-26,2714
RITES.NS,active,2018-07-03,2026-05-26,1949
RKFORGE.NS,active,2015-06-01,2026-05-26,2714
ROLTA.NS,insufficient,,,0
ROSSARI.NS,active,2020-07-23,2026-05-26,1447
ROUTE.NS,active,2020-09-21,2026-05-26,1405
RPOWER.NS,active,2015-06-01,2026-05-26,2714
RRKABEL.NS,active,2023-09-20,2026-05-26,659
RTNINDIA.NS,active,2015-06-01,2026-05-26,2714
RUCHISOYA.NS,insufficient,,,0
RUSTOMJEE.NS,active,2022-11-24,2026-05-26,863
RVNL.NS,active,2019-04-11,2026-05-26,1760
SADBHAV.NS,active,2015-06-01,2026-05-26,2712
SAFARI.NS,active,2019-09-12,2026-05-26,1657
SAGILITY.NS,active,2024-11-12,2026-05-26,380
SAIL.NS,active,2015-06-01,2026-05-26,2714
SAILIFE.NS,active,2024-12-18,2026-05-26,356
SAMMAANCAP.NS,active,2015-06-01,2026-05-26,2714
SANOFI.NS,active,2015-06-01,2026-05-26,2713
SAPPHIRE.NS,active,2021-11-18,2026-05-26,1117
SARDAEN.NS,active,2015-06-01,2026-05-26,2714
SAREGAMA.NS,active,2015-06-01,2026-05-26,2713
SBFC.NS,active,2023-08-16,2026-05-26,684
SBICARD.NS,active,2020-03-16,2026-05-26,1534
SBILIFE.NS,active,2017-10-03,2026-05-26,2136
SBIN.NS,active,2015-06-01,2026-05-26,2714
SBT.NS,insufficient,,,0
SCHAEFFLER.NS,active,2015-06-01,2026-05-26,2714
SCHNEIDER.NS,active,2015-06-01,2026-05-26,2714
SCI.NS,active,2015-06-01,2026-05-26,2714
SEINV.NS,insufficient,,,0
SEQUENT.NS,insufficient,,,0
SFL.NS,active,2016-12-12,2026-05-26,2337
SHANTIGEAR.NS,active,2015-06-01,2026-05-26,2713
SHARDACROP.NS,active,2015-06-01,2026-05-26,2713
SHILPAMED.NS,active,2015-06-01,2026-05-26,2714
SHOPERSTOP.NS,active,2015-06-01,2026-05-26,2714
SHREECEM.NS,active,2015-06-01,2026-05-26,2714
SHRENUJ.NS,delisted,2015-06-01,2018-08-07,782
SHRIRAMCIT.NS,insufficient,,,0
SHRIRAMFIN.NS,active,2015-06-01,2026-05-26,2714
SHYAMMETL.NS,active,2021-06-24,2026-05-26,1217
SIEMENS.NS,active,2015-06-01,2026-05-26,2713
SIGNATURE.NS,active,2023-09-27,2026-05-26,654
SIMPLEXINF.NS,active,2015-06-01,2026-05-26,2712
SINTEX.NS,insufficient,,,0
SIS.NS,active,2017-08-10,2026-05-26,2170
SITICABLE.NS,insufficient,,,0
SJVN.NS,active,2015-06-01,2026-05-26,2714
SKFINDIA.NS,active,2015-06-01,2026-05-26,2714
SKSMICRO.NS,insufficient,,,0
SOBHA.NS,active,2015-06-01,2026-05-26,2713
SOLARA.NS,active,2018-06-27,2026-05-26,1953
SOLARINDS.NS,active,2015-06-01,2026-05-26,2713
SONACOMS.NS,active,2021-06-24,2026-05-26,1217
SONASTEER.NS,insufficient,,,0
SONATSOFTW.NS,active,2015-06-01,2026-05-26,2714
SOUTHBANK.NS,active,2015-06-01,2026-05-26,2714
SPANDANA.NS,active,2019-08-19,2026-05-26,1675
SPARC.NS,active,2015-06-01,2026-05-26,2714
SPICEJET.NS,insufficient,,,0
SPLPETRO.NS,active,2015-06-01,2026-05-26,2714
SREINFRA.NS,insufficient,,,0
SRF.NS,active,2015-06-01,2026-05-26,2714
SRIPIPES.NS,insufficient,,,0
SRTRANSFIN.NS,insufficient,,,0
STAR.NS,active,2015-06-01,2026-05-26,2714
STARCEMENT.NS,active,2017-06-19,2026-05-26,2207
STARHEALTH.NS,active,2021-12-10,2026-05-26,1102
STLTECH.NS,active,2015-06-01,2026-05-26,2714
SUDARSCHEM.NS,active,2015-06-01,2026-05-26,2713
SUMICHEM.NS,active,2020-01-27,2026-05-26,1567
SUNCLAYLTD.NS,insufficient,,,0
SUNDARMFIN.NS,active,2015-06-01,2026-05-26,2714
SUNDRMFAST.NS,active,2015-06-01,2026-05-26,2713
SUNPHARMA.NS,active,2015-06-01,2026-05-26,2714
SUNTECK.NS,active,2015-06-01,2026-05-26,2714
SUNTV.NS,active,2015-06-01,2026-05-26,2714
SUPPETRO.NS,insufficient,,,0
SUPRAJIT.NS,active,2015-06-01,2026-05-26,2713
SUPREMEIND.NS,active,2015-06-01,2026-05-26,2714
SUVEN.NS,active,2015-06-01,2026-05-26,2714
SUVENPHAR.NS,insufficient,,,0
SUZLON.NS,active,2015-06-01,2026-05-26,2714
SWANCORP.NS,active,2015-06-01,2026-05-26,2714
SWANENERGY.NS,insufficient,,,0
SWARAJENG.NS,active,2015-06-01,2026-05-26,2712
SWIGGY.NS,active,2024-11-13,2026-05-26,379
SWSOLAR.NS,active,2019-08-20,2026-05-26,1674
SYMPHONY.NS,active,2015-06-01,2026-05-26,2714
SYNDIBANK.NS,insufficient,,,0
SYNGENE.NS,active,2015-08-11,2026-05-26,2663
SYRMA.NS,active,2022-08-26,2026-05-26,925
TANLA.NS,active,2015-06-01,2026-05-26,2714
TARIL.NS,active,2015-06-01,2026-05-26,2714
TASTYBITE.NS,active,2017-03-23,2026-05-26,2266
TATACAP.NS,insufficient,,,153
TATACHEM.NS,active,2015-06-01,2026-05-26,2714
TATACOFFEE.NS,insufficient,,,0
TATACOMM.NS,active,2015-06-01,2026-05-26,2714
TATACONSUM.NS,active,2015-06-01,2026-05-26,2714
TATAELXSI.NS,active,2015-06-01,2026-05-26,2714
TATAGLOBAL.NS,insufficient,,,0
TATAINVEST.NS,active,2015-06-01,2026-05-26,2714
TATAMOTORS.NS,insufficient,,,0
TATAMTRDVR.NS,insufficient,,,0
TATAPOWER.NS,active,2015-06-01,2026-05-26,2714
TATASPONGE.NS,insufficient,,,0
TATASTEEL.NS,active,2015-06-01,2026-05-26,2714
TATATECH.NS,active,2023-11-30,2026-05-26,614
TBOTEK.NS,active,2024-05-15,2026-05-26,504
TBZ.NS,active,2015-06-01,2026-05-26,2714
TCI.NS,active,2015-06-01,2026-05-26,2713
TCIEXP.NS,active,2016-12-15,2026-05-26,2332
TCNSBRANDS.NS,insufficient,,,0
TCS.NS,active,2015-06-01,2026-05-26,2714
TDPOWERSYS.NS,active,2015-06-01,2026-05-26,2714
TEAMLEASE.NS,active,2016-02-12,2026-05-26,2538
TECHM.NS,active,2015-06-01,2026-05-26,2714
TECHNO.NS,insufficient,,,0
TECHNOE.NS,active,2015-06-01,2026-05-26,2714
TEGA.NS,active,2021-12-13,2026-05-26,1100
TEJASNET.NS,active,2017-06-27,2026-05-26,2203
TENNIND.NS,insufficient,,,128
THELEELA.NS,active,2025-06-02,2026-05-26,244
THERMAX.NS,active,2015-06-01,2026-05-26,2713
THOMASCOOK.NS,active,2015-06-01,2026-05-26,2714
THYROCARE.NS,active,2016-05-09,2026-05-26,2484
TIINDIA.NS,active,2017-11-02,2026-05-26,2115
TIMKEN.NS,active,2015-06-01,2026-05-26,2713
TITAGARH.NS,active,2015-06-01,2026-05-26,2714
TITAN.NS,active,2015-06-01,2026-05-26,2714
TMB.NS,active,2022-09-15,2026-05-26,911
TMCV.NS,insufficient,,,133
TMPV.NS,active,2015-06-01,2026-05-26,2714
TNPL.NS,active,2015-06-01,2026-05-26,2713
TORNTPHARM.NS,active,2015-06-01,2026-05-26,2714
TORNTPOWER.NS,active,2015-06-01,2026-05-26,2714
TRAVELFOOD.NS,active,2025-07-14,2026-05-26,215
TRENT.NS,active,2015-06-01,2026-05-26,2714
TRIDENT.NS,active,2015-06-01,2026-05-26,2714
TRITURBINE.NS,active,2015-06-01,2026-05-26,2714
TRIVENI.NS,active,2015-06-01,2026-05-26,2714
TTKPRESTIG.NS,active,2015-06-01,2026-05-26,2714
TTML.NS,active,2015-06-01,2026-05-26,2714
TUBEINVEST.NS,insufficient,,,0
TV18BRDCST.NS,insufficient,,,0
TVSMOTOR.NS,active,2015-06-01,2026-05-26,2714
TVSSCS.NS,active,2023-08-23,2026-05-26,679
TVTODAY.NS,active,2015-06-01,2026-05-26,2713
UBL.NS,active,2015-06-01,2026-05-26,2714
UCOBANK.NS,active,2015-06-01,2026-05-26,2714
UFLEX.NS,active,2015-06-01,2026-05-26,2713
UJJIVAN.NS,insufficient,,,0
UJJIVANSFB.NS,active,2019-12-12,2026-05-26,1598
ULTRACEMCO.NS,active,2015-06-01,2026-05-26,2714
UNICHEMLAB.NS,active,2015-06-01,2026-05-26,2714
UNIONBANK.NS,active,2015-06-01,2026-05-26,2714
UNITDSPR.NS,active,2015-06-01,2026-05-26,2714
UNITECH.NS,active,2015-06-01,2026-05-26,2714
UNOMINDA.NS,active,2015-06-01,2026-05-26,2714
UPL.NS,active,2015-06-01,2026-05-26,2714
URBANCO.NS,insufficient,,,170
USHAMART.NS,active,2015-06-01,2026-05-26,2714
UTIAMC.NS,active,2020-10-13,2026-05-26,1390
UTTAMSTL.NS,insufficient,,,0
VAIBHAVGBL.NS,active,2015-06-01,2026-05-26,2713
VAKRANGEE.NS,active,2015-06-01,2026-05-26,2714
VALIANTORG.NS,active,2020-10-05,2026-05-26,1394
VARROC.NS,active,2018-07-09,2026-05-26,1944
VBL.NS,active,2016-11-08,2026-05-26,2360
VEDL.NS,active,2015-06-01,2026-05-26,2714
VENKEYS.NS,active,2015-06-01,2026-05-26,2713
VESUVIUS.NS,active,2015-06-01,2026-05-26,2713
VGUARD.NS,active,2015-06-01,2026-05-26,2713
VIDEOIND.NS,insufficient,,,0
VIJAYA.NS,active,2021-09-14,2026-05-26,1161
VIJAYABANK.NS,insufficient,,,0
VINATIORGA.NS,active,2015-06-01,2026-05-26,2714
VIPIND.NS,active,2015-06-01,2026-05-26,2713
VIVIDHA.NS,active,2015-06-01,2026-05-26,2713
VMART.NS,active,2015-06-01,2026-05-26,2713
VMM.NS,active,2024-12-18,2026-05-26,356
VOLTAS.NS,active,2015-06-01,2026-05-26,2714
VRLLOG.NS,active,2015-06-01,2026-05-26,2713
VSTIND.NS,active,2015-06-01,2026-05-26,2714
VTL.NS,active,2015-06-01,2026-05-26,2714
WAAREEENER.NS,active,2024-10-28,2026-05-26,391
WABAG.NS,active,2015-06-01,2026-05-26,2714
WABCOINDIA.NS,insufficient,,,0
WELCORP.NS,active,2015-06-01,2026-05-26,2714
WELSPUNIND.NS,insufficient,,,0
WELSPUNLIV.NS,active,2015-06-01,2026-05-26,2714
WESTLIFE.NS,active,2019-08-19,2026-05-26,1674
WHEELS.NS,active,2015-06-01,2026-05-26,2714
WHIRLPOOL.NS,active,2015-06-01,2026-05-26,2714
WIPRO.NS,active,2015-06-01,2026-05-26,2714
WOCKPHARMA.NS,active,2015-06-01,2026-05-26,2714
YESBANK.NS,active,2015-06-01,2026-05-26,2714
ZEEL.NS,active,2015-06-01,2026-05-26,2714
ZENSARTECH.NS,active,2015-06-01,2026-05-26,2714
ZENTEC.NS,active,2015-06-01,2026-05-26,2714
ZFCVINDIA.NS,active,2015-06-01,2026-05-26,2714
ZOMATO.NS,insufficient,,,0
ZYDUSLIFE.NS,active,2015-06-01,2026-05-26,2714
ZYDUSWELL.NS,active,2015-06-01,2026-05-26,2714
