date,n_obs,ic_shrunk
2022-03-07,27,0.023136169341724577
2022-05-09,31,0.02124283901925835
2022-07-11,34,0.022450694140534213
2022-09-12,37,0.022224063495482452
2022-11-14,40,0.025350156818668375
2023-01-16,44,0.02603943083740903
2023-03-20,47,0.026048048024149686
2023-05-22,50,0.02426315101495053
2023-07-24,54,0.026413916546498925
2023-09-25,57,0.02424844877428443
2023-11-28,60,0.02523872291190296
2024-01-30,63,0.02521789916693542
2024-04-02,67,0.028099987436794895
2024-06-04,70,0.028315700194904175
2024-08-06,73,0.028058876783317144
2024-10-08,76,0.028749462389539574
2024-12-10,79,0.028576829788302557
2025-02-11,79,0.025906616455576247
2025-04-15,78,0.02438253447321865
2025-06-17,76,0.02293695914087577
2025-08-19,76,0.018407059821854928
2025-10-21,75,0.01980402697777241
2025-12-23,74,0.019537359390719013
2026-02-24,75,0.024806844616599474
2026-04-28,74,0.02816884490552599
