,Correction,Recovery,Crisis,Bull
mom_1m,-0.013209332336815512,-0.01860852907341262,-0.13246507163387106,0.007314220168948257
mom_3m,0.024928793977765526,0.006665383382316212,-0.09590010126994346,0.010712341366485738
mom_6m_skip,0.0641061741241527,0.041574655591300184,0.0029213805327421784,0.023020811063302192
vol_of_vol,0.0436957981990599,0.027436496532823217,-0.0087066075052599,0.035279529945034645
ret_stability,0.052876518217443484,0.03719271519919153,-0.10042526873334164,0.028226741893346063
neg_vol_63,0.0676440850118296,0.04870284945468243,-0.0755739721200799,0.04679501484116113
neg_downside_vol,0.051265395749807964,0.02979350550975985,-0.0400542736689451,0.05024369816949102
log_adv,0.024056268119597303,0.033738635882773774,-0.010337961804167043,-0.007438510445462657
neg_amihud,0.033339962898106756,0.03588631132060818,-0.022865467854659535,-0.0009618601773964635
neg_zscore_200ma,-0.03918408492445451,-0.015621822455460632,0.047965343035856665,-0.02445121738420638
short_reversal_5d,0.010319072677413223,0.05306699216441016,0.04546709042339576,0.011050905355124317
sector_rel_strength,-0.010997769942173519,-0.035135013022407985,-0.16001790782071007,-0.0052450815590591145
