Ticker,Class,First_Seen,Last_Seen,Overlaps_WF
ABGSHIP.NS,unresolved,2016-01-29,2016-01-29,False
ADANITRANS.NS,covered_by_successor,2016-04-01,2023-01-27,True
ADLABS.NS,unresolved,2015-09-28,2016-01-29,False
ADVANTA.NS,unresolved,2016-01-29,2016-01-29,False
AEGISCHEM.NS,covered_by_successor,2022-01-28,2023-01-27,True
AKZOINDIA.NS,unresolved,2016-01-29,2022-01-28,True
ALBK.NS,absorbed_no_successor,2016-01-29,2016-01-29,False
ALOKTEXT.NS,covered_by_successor,2016-01-29,2016-01-29,False
ALSTOMT&D.NS,successor_also_missing,2016-01-29,2016-01-29,False
AMARAJABAT.NS,covered_by_successor,2016-01-29,2023-01-27,True
AMTEKAUTO.NS,unresolved,2016-01-29,2016-01-29,False
ANDHRABANK.NS,absorbed_no_successor,2016-01-29,2016-01-29,False
ANGELBRKG.NS,covered_by_successor,2022-01-28,2022-01-28,True
ATFL.NS,unresolved,2016-01-29,2016-01-29,False
BAJAJCORP.NS,unresolved,2016-01-29,2016-01-29,False
BALLARPUR.NS,unresolved,2016-01-29,2016-01-29,False
BHUSANSTL.NS,unresolved,2016-01-29,2016-01-29,False
BURGERKING.NS,unresolved,2022-01-28,2022-01-28,True
CADILAHC.NS,covered_by_successor,2016-01-29,2022-01-28,True
CAIRN.NS,absorbed_no_successor,2016-01-29,2016-01-29,False
CANHLIFE.NS,unresolved,2026-02-01,2026-02-01,True
CASTEXTECH.NS,unresolved,2016-01-29,2016-01-29,False
CENTURYTEX.NS,absorbed_no_successor,2016-01-29,2023-01-27,True
CLNINDIA.NS,unresolved,2016-01-29,2016-01-29,False
CORPBANK.NS,absorbed_no_successor,2016-01-29,2016-01-29,False
COX&KINGS.NS,unresolved,2016-01-29,2016-01-29,False
CPPLUS.NS,unresolved,2026-02-01,2026-02-01,True
DENABANK.NS,absorbed_no_successor,2016-01-29,2016-01-29,False
DHANI.NS,unresolved,2022-01-28,2022-01-28,True
DHFL.NS,unresolved,2016-01-29,2016-01-29,False
EMMVEE.NS,unresolved,2026-02-01,2026-02-01,True
EQUITAS.NS,covered_by_successor,2016-09-30,2022-01-28,True
ESSDEE.NS,unresolved,2016-01-29,2016-01-29,False
ESSELPACK.NS,unresolved,2016-01-29,2016-01-29,False
FAGBEARING.NS,covered_by_successor,2016-01-29,2016-01-29,False
FINANTECH.NS,covered_by_successor,2016-01-29,2016-01-29,False
GATI.NS,unresolved,2016-01-29,2016-01-29,False
GDL.NS,unresolved,2016-01-29,2016-01-29,False
GEOMETRIC.NS,absorbed_no_successor,2016-01-29,2016-01-29,False
GEPIL.NS,unresolved,2022-01-28,2022-01-28,True
GITANJALI.NS,unresolved,2016-01-29,2016-01-29,False
GMRINFRA.NS,covered_by_successor,2016-01-29,2023-01-27,True
GMRINFRASTRUCT.NS,unresolved,2024-12-02,2024-12-02,True
GROWW.NS,unresolved,2026-02-01,2026-02-01,True
GRUH.NS,absorbed_no_successor,2016-01-29,2016-01-29,False
GSKCONS.NS,absorbed_no_successor,2016-01-29,2016-01-29,False
GSPL.NS,unresolved,2016-01-29,2024-12-02,True
GUJFLUORO.NS,covered_by_successor,2016-01-29,2016-01-29,False
GUJGASLTD.NS,unresolved,2016-04-01,2024-12-02,True
HDFC.NS,absorbed_no_successor,2016-01-29,2023-01-27,True
HEXAWARE.NS,covered_by_successor,2016-01-29,2016-01-29,False
HSIL.NS,unresolved,2016-01-29,2016-01-29,False
IBULHSGFIN.NS,covered_by_successor,2016-01-29,2023-01-27,True
IBVENTURES.NS,unresolved,2016-01-29,2016-01-29,False
ICICIAMC.NS,unresolved,2026-02-01,2026-02-01,True
IDFC.NS,absorbed_no_successor,2016-04-01,2023-01-27,True
IIFLWAM.NS,covered_by_successor,2020-06-26,2022-01-28,True
INFIBEAM.NS,unresolved,2022-01-28,2023-01-27,True
INFRATEL.NS,covered_by_successor,2016-01-29,2016-01-29,False
INOXLEISUR.NS,covered_by_successor,2016-01-29,2022-01-28,True
ISEC.NS,absorbed_no_successor,2018-09-28,2024-12-02,True
ITDCEM.NS,unresolved,2015-03-24,2016-01-29,False
IVRCLINFRA.NS,unresolved,2016-01-29,2016-01-29,False
JAINREC.NS,unresolved,2026-02-01,2026-02-01,True
JBFIND.NS,unresolved,2016-01-29,2016-01-29,False
JCHAC.NS,unresolved,2019-09-27,2022-01-28,True
JPASSOCIAT.NS,unresolved,2016-01-29,2016-01-29,False
JSLHISAR.NS,absorbed_no_successor,2017-09-29,2022-01-28,True
JSWCEMENT.NS,unresolved,2026-02-01,2026-02-01,True
JUBILANT.NS,covered_by_successor,2016-01-29,2016-01-29,False
KALPATPOWR.NS,covered_by_successor,2016-01-29,2022-01-28,True
KPIT.NS,unresolved,2016-01-29,2016-01-29,False
KSBPUMPS.NS,unresolved,2016-01-29,2016-01-29,False
KSK.NS,unresolved,2016-01-29,2016-01-29,False
L&TFH.NS,covered_by_successor,2016-01-29,2023-01-27,True
LAKSHVILAS.NS,absorbed_no_successor,2016-01-29,2016-01-29,False
LAXMIMACH.NS,unresolved,2016-01-29,2023-01-27,True
LENSKART.NS,unresolved,2026-02-01,2026-02-01,True
LGEINDIA.NS,unresolved,2026-02-01,2026-02-01,True
LITL.NS,unresolved,2016-01-29,2016-01-29,False
LTI.NS,successor_also_missing,2017-03-31,2022-01-28,True
LTIM.NS,unresolved,2023-01-27,2024-12-02,True
MAGMA.NS,covered_by_successor,2016-01-29,2016-01-29,False
MAHINDCIE.NS,covered_by_successor,2016-04-01,2022-01-28,True
MCDOWELL-N.NS,covered_by_successor,2016-01-29,2023-01-27,True
MEESHO.NS,unresolved,2026-02-01,2026-02-01,True
MERCATOR.NS,unresolved,2016-01-29,2016-01-29,False
MERCK.NS,unresolved,2016-01-29,2016-01-29,False
MFL.NS,unresolved,2023-01-27,2023-01-27,True
MINDAIND.NS,covered_by_successor,2017-03-31,2022-01-28,True
MINDTREE.NS,successor_also_missing,2016-01-29,2022-01-28,True
MONSANTO.NS,absorbed_no_successor,2016-01-29,2016-01-29,False
MOTHERSUMI.NS,covered_by_successor,2016-01-29,2022-01-28,True
NBVENTURES.NS,covered_by_successor,2016-01-29,2016-01-29,False
NIITTECH.NS,covered_by_successor,2016-01-29,2016-01-29,False
OPTOCIRCUI.NS,unresolved,2016-01-29,2016-01-29,False
ORIENTBANK.NS,absorbed_no_successor,2016-01-29,2016-01-29,False
ORIENTREF.NS,unresolved,2019-09-27,2022-01-28,True
PEL.NS,unresolved,2016-01-29,2024-12-02,True
PHILIPCARB.NS,unresolved,2018-09-28,2022-01-28,True
PINELABS.NS,unresolved,2026-02-01,2026-02-01,True
PIRAMALFIN.NS,unresolved,2026-02-01,2026-02-01,True
PRISMCEM.NS,successor_also_missing,2016-01-29,2016-01-29,False
PUNJLLOYD.NS,unresolved,2016-01-29,2016-01-29,False
PVR.NS,covered_by_successor,2016-01-29,2022-01-28,True
PWL.NS,unresolved,2026-02-01,2026-02-01,True
ROLTA.NS,unresolved,2016-01-29,2016-01-29,False
RUCHISOYA.NS,covered_by_successor,2016-01-29,2016-01-29,False
SBT.NS,absorbed_no_successor,2016-01-29,2016-01-29,False
SEINV.NS,unresolved,2016-01-29,2016-01-29,False
SEQUENT.NS,unresolved,2016-09-30,2022-01-28,True
SHRIRAMCIT.NS,absorbed_no_successor,2022-01-28,2022-01-28,True
SINTEX.NS,unresolved,2016-01-29,2016-01-29,False
SITICABLE.NS,unresolved,2016-01-29,2016-01-29,False
SKSMICRO.NS,covered_by_successor,2016-01-29,2016-01-29,False
SONASTEER.NS,covered_by_successor,2016-01-29,2016-01-29,False
SPICEJET.NS,unresolved,2019-12-27,2022-01-28,True
SREINFRA.NS,unresolved,2016-01-29,2016-01-29,False
SRIPIPES.NS,unresolved,2016-01-29,2016-01-29,False
SRTRANSFIN.NS,covered_by_successor,2022-01-28,2022-01-28,True
SUNCLAYLTD.NS,unresolved,2019-04-15,2022-01-28,True
SUPPETRO.NS,unresolved,2016-01-29,2022-01-28,True
SUVENPHAR.NS,unresolved,2022-01-28,2024-12-02,True
SWANENERGY.NS,unresolved,2016-01-29,2024-12-02,True
SYNDIBANK.NS,absorbed_no_successor,2016-01-29,2016-01-29,False
TATACAP.NS,unresolved,2026-02-01,2026-02-01,True
TATACOFFEE.NS,absorbed_no_successor,2016-01-29,2022-01-28,True
TATAGLOBAL.NS,covered_by_successor,2016-01-29,2016-01-29,False
TATAMOTORS.NS,unresolved,2016-01-29,2024-12-02,True
TATAMTRDVR.NS,absorbed_no_successor,2016-04-01,2023-01-27,True
TATASPONGE.NS,absorbed_no_successor,2016-01-29,2016-01-29,False
TCNSBRANDS.NS,unresolved,2019-03-29,2023-01-27,True
TECHNO.NS,covered_by_successor,2016-01-29,2016-01-29,False
TENNIND.NS,unresolved,2026-02-01,2026-02-01,True
TMCV.NS,unresolved,2026-02-01,2026-02-01,True
TUBEINVEST.NS,unresolved,2016-01-29,2016-01-29,False
TV18BRDCST.NS,unresolved,2016-01-29,2023-01-27,True
UJJIVAN.NS,covered_by_successor,2017-01-23,2022-01-28,True
URBANCO.NS,unresolved,2026-02-01,2026-02-01,True
UTTAMSTL.NS,unresolved,2016-01-29,2016-01-29,False
VIDEOIND.NS,unresolved,2016-01-29,2016-01-29,False
VIJAYABANK.NS,absorbed_no_successor,2016-01-29,2016-01-29,False
WABCOINDIA.NS,covered_by_successor,2016-01-29,2022-01-28,True
WELSPUNIND.NS,covered_by_successor,2016-01-29,2023-01-27,True
ZOMATO.NS,covered_by_successor,2023-01-27,2023-01-27,True
