,Rebal,Trigger,Regime,ADX,N_Inv,N_Sel,Turnover,Cash%
0,2022-01-01,SCHED,Bull,26.5,677,20,0.5,0.0
1,2022-02-01,SCHED,Bull,23.8,677,20,0.5,0.0
2,2022-02-24,EVENT:Vol×1.9,Bull,26.7,679,20,0.283,0.0
3,2022-03-01,SCHED,Bull,29.7,679,20,0.585,0.0
4,2022-04-01,SCHED,Bull,16.3,680,20,0.43,0.0
5,2022-04-12,EVENT:Regime→Recovery,Recovery,18.2,681,20,0.501,10.0
6,2022-04-26,EVENT:Vol×1.6,Recovery,17.8,681,20,0.717,10.0
7,2022-05-01,SCHED,Recovery,17.0,681,20,0.544,10.0
8,2022-05-11,EVENT:Regime→Bull,Bull,25.7,683,20,0.552,0.0
9,2022-06-01,SCHED,Bull,23.4,686,20,0.526,0.0
10,2022-07-01,SCHED,Bull,23.8,687,20,0.382,0.0
11,2022-07-27,EVENT:Regime→Recovery,Recovery,20.7,687,20,0.721,10.0
12,2022-08-01,SCHED,Recovery,24.9,687,20,0.428,10.0
13,2022-08-30,EVENT:Regime→Bull,Bull,33.1,688,20,0.508,0.0
14,2022-09-01,SCHED,Bull,31.9,688,20,0.313,0.0
15,2022-09-23,EVENT:Vol×1.6,Bull,20.9,689,20,0.555,0.0
16,2022-10-01,SCHED,Bull,25.3,689,20,0.271,0.0
17,2022-11-01,SCHED,Bull,14.9,690,20,0.338,0.0
18,2022-11-16,EVENT:Regime→Recovery,Recovery,19.2,691,20,0.726,10.0
19,2022-12-01,SCHED,Recovery,23.2,696,20,0.555,10.0
20,2022-12-12,EVENT:Regime→Bull,Bull,22.3,696,20,0.452,0.0
21,2023-01-01,SCHED,Bull,29.2,697,20,0.498,0.0
22,2023-02-01,SCHED,Recovery,39.0,697,20,0.692,10.0
23,2023-03-01,SCHED,Recovery,33.6,698,20,0.679,10.0
24,2023-04-01,SCHED,Recovery,32.5,698,20,0.532,10.0
25,2023-05-01,SCHED,Recovery,19.8,698,20,0.503,10.0
26,2023-06-01,SCHED,Recovery,32.5,699,20,0.558,10.0
27,2023-06-08,EVENT:Regime→Bull,Bull,35.5,699,20,0.628,0.0
28,2023-07-01,SCHED,Bull,39.7,700,20,0.47,0.0
29,2023-08-01,SCHED,Bull,53.5,702,20,0.752,0.0
30,2023-09-01,SCHED,Bull,18.5,706,20,0.867,0.0
31,2023-09-29,EVENT:Vol×1.5,Bull,19.0,709,20,0.544,0.0
32,2023-10-01,SCHED,Bull,19.0,709,20,0.176,0.0
33,2023-10-27,EVENT:Vol×1.5,Bull,23.1,710,20,0.68,0.0
34,2023-11-01,SCHED,Bull,25.9,711,20,0.455,0.0
35,2023-12-01,SCHED,Bull,25.7,713,20,0.667,0.0
36,2023-12-08,EVENT:Regime→Recovery,Recovery,38.5,713,20,0.609,10.0
37,2024-01-01,SCHED,Bull,41.9,714,20,0.71,0.0
38,2024-02-01,SCHED,Bull,23.1,716,20,0.839,0.0
39,2024-03-01,SCHED,Bull,12.0,717,20,0.663,0.0
40,2024-03-21,EVENT:Vol×1.5,Bull,24.8,717,20,0.582,0.0
41,2024-04-01,SCHED,Bull,21.1,717,20,0.583,0.0
42,2024-04-30,EVENT:Regime→Recovery,Recovery,16.5,719,20,0.841,10.0
43,2024-05-01,SCHED,Recovery,16.5,719,20,0.323,10.0
44,2024-05-28,EVENT:Regime→Bull,Bull,19.7,723,20,0.784,0.0
45,2024-06-01,SCHED,Bull,17.2,723,20,0.308,0.0
46,2024-06-06,EVENT:Vol×2.5,Bull,20.2,723,20,0.591,0.0
47,2024-07-01,SCHED,Bull,11.4,723,20,0.556,0.0
48,2024-07-18,EVENT:Regime→Recovery,Recovery,16.6,725,20,0.775,10.0
49,2024-08-01,SCHED,Recovery,14.4,725,20,0.656,10.0
50,2024-08-07,EVENT:Vol×1.7,Recovery,17.2,725,20,0.517,10.0
51,2024-08-12,EVENT:Vol×1.6,Bull,19.3,726,20,0.824,0.0
52,2024-09-01,SCHED,Bull,16.0,727,20,0.688,0.0
53,2024-09-19,EVENT:Regime→Recovery,Recovery,11.9,729,20,0.401,10.0
54,2024-10-01,SCHED,Recovery,12.0,729,20,0.594,10.0
55,2024-10-14,EVENT:Regime→Bull,Bull,20.9,729,20,0.777,0.0
56,2024-11-01,SCHED,Bull,36.4,731,20,0.604,0.0
57,2024-12-01,SCHED,Bull,30.3,737,20,0.468,0.0
58,2024-12-30,EVENT:Regime→Recovery,Recovery,28.8,741,20,0.714,10.0
59,2025-01-01,SCHED,Recovery,31.2,740,20,0.574,10.0
60,2025-01-16,EVENT:Regime→Bull,Bull,37.3,741,20,0.826,0.0
61,2025-02-01,SCHED,Bull,39.4,734,20,0.503,0.0
62,2025-02-20,EVENT:Regime→Recovery,Recovery,35.4,742,20,0.78,10.0
63,2025-03-01,SCHED,Recovery,37.8,742,20,0.528,10.0
64,2025-03-17,EVENT:Regime→Correction,Correction,34.9,741,20,0.647,20.0
65,2025-03-26,EVENT:Regime→Recovery,Recovery,28.9,741,20,0.532,10.0
66,2025-04-01,SCHED,Recovery,26.7,741,20,0.392,10.0
67,2025-04-07,EVENT:Vol×1.7,Recovery,24.7,741,20,0.362,10.0
68,2025-04-15,EVENT:Vol×2.1,Correction,22.7,741,20,0.661,20.0
69,2025-04-21,EVENT:Vol×1.6,Correction,21.1,741,20,0.128,20.0
70,2025-05-01,SCHED,Correction,18.9,741,20,0.277,20.0
71,2025-05-20,EVENT:Vol×1.6,Correction,17.6,742,20,0.315,20.0
72,2025-06-01,SCHED,Correction,17.3,743,20,0.294,20.0
73,2025-06-23,EVENT:Regime→Recovery,Recovery,14.4,746,20,0.603,10.0
74,2025-07-01,SCHED,Recovery,17.3,747,20,0.675,10.0
75,2025-07-11,EVENT:Regime→Correction,Correction,15.9,748,20,0.643,20.0
76,2025-07-21,EVENT:Regime→Bull,Bull,12.9,750,20,0.452,0.0
77,2025-08-01,SCHED,Recovery,22.6,750,20,0.739,10.0
78,2025-09-01,SCHED,Recovery,28.8,749,20,0.768,10.0
79,2025-10-01,SCHED,Recovery,21.2,750,20,0.63,10.0
80,2025-11-01,SCHED,Recovery,23.3,750,20,0.619,10.0
81,2025-12-01,SCHED,Recovery,12.0,750,20,0.693,10.0
82,2026-01-01,SCHED,Recovery,11.3,749,20,0.456,10.0
83,2026-01-12,EVENT:Vol×1.5,Recovery,14.7,750,20,0.489,10.0
84,2026-01-23,EVENT:Vol×1.6,Recovery,24.5,750,20,0.412,10.0
85,2026-02-01,SCHED,Recovery,27.2,750,20,0.256,10.0
86,2026-02-06,EVENT:Vol×2.0,Recovery,21.8,750,20,0.463,10.0
87,2026-02-17,EVENT:Regime→Correction,Correction,16.3,750,20,0.292,20.0
88,2026-02-27,EVENT:Vol×1.7,Recovery,15.5,750,20,0.337,10.0
89,2026-03-01,SCHED,Recovery,15.5,750,20,0.144,10.0
90,2026-03-06,EVENT:Vol×1.7,Recovery,21.3,750,20,0.267,10.0
91,2026-03-11,EVENT:Vol×1.9,Recovery,25.1,750,20,0.425,10.0
92,2026-03-19,EVENT:Regime→Correction,Correction,32.5,750,20,0.469,20.0
93,2026-03-24,EVENT:Vol×2.2,Correction,36.2,750,20,0.28,20.0
94,2026-03-30,EVENT:Vol×1.7,Correction,36.9,750,20,0.158,20.0
95,2026-04-01,SCHED,Correction,36.8,750,20,0.047,20.0
96,2026-05-01,SCHED,Correction,15.0,643,20,0.296,20.0
